id,first_name,last_name,email,gender,ip_address,credit_card,phone_number,home_address
1,Colman,Scamadin,cscamadin0@yahoo.com,Polygender,168.16.34.85,3539157145049831,621-306-6511,PO Box 27448
2,Angy,Driuzzi,adriuzzi1@dell.com,Female,185.68.101.184,5602215065963824,523-593-9194,PO Box 96167
3,Duffy,Goodnow,dgoodnow2@nyu.edu,Male,245.17.60.134,3530909898161703,134-458-1172,Apt 1925
4,Cristy,Bloor,cbloor3@google.com.br,Female,97.237.56.116,374622886271070,765-387-5027,16th Floor
5,Quintus,Howbrook,qhowbrook4@networksolutions.com,Male,64.27.147.37,374622927897479,814-134-0349,PO Box 38782
6,Nicoli,Gossage,ngossage5@nydailynews.com,Female,114.4.32.167,5602258520969853,326-236-0701,Suite 78
7,Leonelle,Jellico,ljellico6@163.com,Female,136.236.203.25,3555833530848735,810-146-1080,PO Box 72537
8,Salim,Mazella,smazella7@guardian.co.uk,Male,28.102.89.250,5602214223043918,180-928-2096,Suite 7
9,Bernard,O'Doohaine,bodoohaine8@shutterfly.com,Male,2.50.120.32,3578589942799956,762-334-3783,Apt 1852
10,Isidoro,Coggon,icoggon9@globo.com,Male,53.196.56.242,3563063621199760,308-543-3353,Suite 80
11,Lucio,Pigden,lpigdena@state.tx.us,Bigender,93.43.244.40,3542837796378853,377-786-1924,Room 1571
12,Ernesto,Askin,easkinb@ft.com,Polygender,175.25.189.145,374622207760926,384-428-1533,PO Box 13553
13,Gamaliel,Stoffers,gstoffersc@elpais.com,Male,123.113.158.49,3528613583760852,154-208-2519,Suite 40
14,Eleonore,Bramble,ebrambled@technorati.com,Female,43.47.49.5,0604884648977079,886-286-4631,17th Floor
15,Calley,Dearle-Palser,cdearlepalsere@reuters.com,Genderqueer,239.127.6.177,491185343704653874,740-729-8878,Suite 31
16,Erica,Nuss,enussf@hostgator.com,Female,215.224.216.99,4508006860806005,107-773-4636,18th Floor
17,Doy,MacNeachtain,dmacneachtaing@yellowpages.com,Male,193.176.94.224,3528768775429375,868-240-7983,Apt 1834
18,Ashbey,Gawith,agawithh@over-blog.com,Male,102.69.132.138,5108759381284356,348-781-1210,Room 316
19,Gherardo,Rentoll,grentolli@free.fr,Male,18.22.168.71,5292229211873030,130-690-1790,Apt 1141
20,Gabriele,Geall,ggeallj@ucoz.com,Agender,4.175.48.142,3565144047290975,396-476-4470,Apt 1759
21,Leslie,Jzhakov,ljzhakovk@wp.com,Male,69.93.244.35,060410820971862064,103-696-8713,Room 1412
22,Eldon,Gilfether,egilfetherl@woothemes.com,Male,43.208.110.222,3531733575640832,231-952-3944,Room 751
23,Mauricio,Farbrace,mfarbracem@issuu.com,Male,29.127.42.210,3575585135720349,799-456-0013,15th Floor
24,Oralia,Brookes,obrookesn@blogs.com,Female,190.101.67.223,3552768970368757,492-557-1756,Room 1769
25,Ignazio,Tregenna,itregennao@walmart.com,Male,145.129.173.116,4911438980471638501,965-687-1631,9th Floor
26,Sully,Jarvie,sjarviep@chronoengine.com,Male,184.144.247.85,3564124553775990,319-218-2839,Suite 98
27,Horacio,Olczyk,holczykq@princeton.edu,Male,161.80.20.64,670673425916018331,442-885-2149,14th Floor
28,Lin,Boldero,lbolderor@goodreads.com,Female,228.32.53.45,676760614818134939,907-196-2007,PO Box 21672
29,Ralph,Thornhill,rthornhills@netscape.com,Male,121.2.44.134,5212241404425137,360-458-8927,Apt 320
30,Julio,Imorts,jimortst@naver.com,Male,137.151.98.218,374283410576300,812-437-4297,PO Box 66503
31,Jarvis,Keays,jkeaysu@privacy.gov.au,Genderqueer,169.37.56.217,3552279201876071,647-169-4445,PO Box 57296
32,Andros,McCormick,amccormickv@house.gov,Male,103.240.7.223,3535320508087103,142-899-7510,5th Floor
33,Hamid,Yakobowitz,hyakobowitzw@cam.ac.uk,Male,12.44.69.0,06047651542406329,829-256-7251,Room 1400
34,Elinore,Kineton,ekinetonx@vinaora.com,Female,151.217.230.162,3560991435784331,188-708-3503,Suite 3
35,Royall,Boles,rbolesy@feedburner.com,Male,171.73.179.133,06044189137645244,533-365-2528,PO Box 40406
36,Devora,Galpen,dgalpenz@reuters.com,Female,161.231.157.95,30413692636540,940-666-7769,Apt 271
37,Hyman,Yerlett,hyerlett10@house.gov,Male,49.103.77.49,589309106069653934,275-421-4332,3rd Floor
38,Hew,Verdey,hverdey11@nps.gov,Male,109.179.167.47,5602211833196771,977-342-0249,6th Floor
39,Emerson,Judd,ejudd12@sourceforge.net,Male,32.162.139.207,3547934784953014,522-818-7932,17th Floor
40,Birgitta,Peregrine,bperegrine13@unicef.org,Female,46.12.158.124,3581650388388004,990-898-0317,6th Floor
41,Jewel,Zouch,jzouch14@shareasale.com,Female,143.223.62.74,30231752584065,752-671-0884,7th Floor
42,Beckie,Quarrell,bquarrell15@harvard.edu,Female,88.43.138.9,337941425529384,627-726-6198,19th Floor
43,Darren,Bockmaster,dbockmaster16@nbcnews.com,Male,158.198.123.18,3576450753561773,907-312-3267,Suite 11
44,Barbara-anne,Whewell,bwhewell17@state.tx.us,Female,150.113.22.236,6331101671655732054,715-624-4883,PO Box 45971
45,Ara,Emmanuele,aemmanuele18@blogtalkradio.com,Female,81.39.55.192,3570638670394189,249-790-0230,Apt 896
46,Tyne,Keyworth,tkeyworth19@google.com.br,Female,76.126.105.164,3559431602764637,892-432-8472,Room 814
47,Alasdair,Ellard,aellard1a@wikia.com,Agender,248.254.119.198,3537663277644945,563-390-4602,PO Box 88113
48,Haskell,Janus,hjanus1b@jugem.jp,Male,45.204.32.76,3564410452808291,216-550-3558,19th Floor
49,Oliy,MacFadzean,omacfadzean1c@vk.com,Female,173.209.254.79,379383507091646,963-125-4831,PO Box 31272
50,Charley,Grandin,cgrandin1d@privacy.gov.au,Male,46.236.9.173,201942561291741,939-845-6592,Apt 590
51,Theodor,Paull,tpaull1e@intel.com,Male,91.236.157.1,3565820359676550,890-605-7706,PO Box 47102
52,Conrad,Bernaldo,cbernaldo1f@imdb.com,Male,106.113.210.163,3566986499261915,764-907-4735,12th Floor
53,Fidela,Beed,fbeed1g@geocities.com,Female,192.118.161.238,372301187902715,530-365-6297,PO Box 78315
54,Hynda,Ber,hber1h@mapy.cz,Genderqueer,234.74.162.116,3542251617703499,609-393-0526,Suite 6
55,Nert,Cassius,ncassius1i@aol.com,Female,10.245.4.37,3583541475224798,360-662-5763,Room 612
56,Kurt,Tytcomb,ktytcomb1j@smh.com.au,Male,15.21.25.207,4041594054346239,805-707-8727,Apt 979
57,Kinsley,Davitt,kdavitt1k@illinois.edu,Male,73.194.202.70,3571119850130254,518-600-7220,PO Box 2969
58,Gran,Poplee,gpoplee1l@prnewswire.com,Male,248.3.168.177,5641821726973343,776-189-7375,Apt 1821
59,Oralia,Cammell,ocammell1m@auda.org.au,Female,30.61.129.23,342284020561087,982-307-5381,Room 1565
60,Joshuah,Mollitt,jmollitt1n@sciencedirect.com,Male,208.147.224.57,5602216719983002,640-687-6629,Suite 9
61,Halsy,Frampton,hframpton1o@si.edu,Genderqueer,58.41.192.231,630438727671223794,571-985-2638,PO Box 83417
62,Graham,Flipsen,gflipsen1p@hc360.com,Male,155.49.149.158,3540276487935048,927-854-0900,Apt 1962
63,Betta,Penwarden,bpenwarden1q@themeforest.net,Female,9.43.140.43,3574037990255681,567-774-1463,Apt 1905
64,Alanna,Tudhope,atudhope1r@xing.com,Female,35.77.25.154,6767089704629032,478-337-8245,PO Box 3629
65,Kizzie,Peevor,kpeevor1s@squarespace.com,Female,80.172.75.26,5010122784782525,324-206-9763,Room 165
66,Layton,Elvey,lelvey1t@timesonline.co.uk,Male,185.9.176.43,5010123130213132,896-822-4105,Room 1563
67,Danyelle,Haselgrove,dhaselgrove1u@people.com.cn,Non-binary,255.226.201.99,30189145895012,689-829-6622,14th Floor
68,Orsola,Praton,opraton1v@booking.com,Female,112.202.22.15,3545706015361494,845-707-9166,13th Floor
69,Tab,Linzey,tlinzey1w@admin.ch,Male,52.190.160.117,5602216438083021436,603-143-4680,PO Box 56180
70,Annie,Wison,awison1x@networkadvertising.org,Female,237.106.175.15,3555626200916273,671-366-2880,Room 1095
71,Etienne,Torvey,etorvey1y@gnu.org,Male,174.255.103.163,3563541373591946,135-779-1839,11th Floor
72,Rosamund,Mainz,rmainz1z@umn.edu,Female,92.249.183.21,3544843832046148,254-620-3583,7th Floor
73,Amata,Newman,anewman20@unblog.fr,Female,54.144.49.216,3574256610232538,322-979-9773,Suite 17
74,Dorie,Mardee,dmardee21@networkadvertising.org,Female,221.182.162.75,3572453451188067,980-135-7735,PO Box 14931
75,Judah,Isakowicz,jisakowicz22@independent.co.uk,Male,88.152.100.72,201896109845931,998-626-6702,Suite 38
76,Kaitlin,Palia,kpalia23@eepurl.com,Female,94.110.77.199,3549153091387521,461-573-1873,Suite 8
77,Ally,Malafe,amalafe24@ehow.com,Female,196.123.137.219,3535936034074487,405-195-4459,Suite 64
78,Giuditta,Brocklesby,gbrocklesby25@reverbnation.com,Female,197.31.113.75,5312425297700198,303-758-0188,PO Box 35326
79,Aldo,Slyman,aslyman26@purevolume.com,Male,155.12.201.216,201695765604388,260-382-6764,Suite 45
80,Mariam,Dresser,mdresser27@businessweek.com,Female,41.5.52.198,6389248068870800,182-497-9622,Room 981
81,Colas,Carnachen,ccarnachen28@php.net,Male,207.215.40.29,5432395105394549,699-998-9688,19th Floor
82,Felike,Flips,fflips29@yolasite.com,Male,89.93.112.215,337941370679754,988-880-9797,Room 425
83,Steward,Flarity,sflarity2a@privacy.gov.au,Male,212.251.156.243,3585795305805972,317-421-0873,Room 1124
84,Emelda,Scambler,escambler2b@slideshare.net,Female,10.46.232.81,3558480683783181,255-859-9746,Room 161
85,Asia,Livard,alivard2c@canalblog.com,Female,87.213.42.89,5602244114318178,632-173-1509,Suite 48
86,Lira,Thornhill,lthornhill2d@list-manage.com,Female,240.36.56.250,30286178448659,555-262-9314,1st Floor
87,Laird,Niaves,lniaves2e@biblegateway.com,Male,51.58.50.99,3528228785110119,381-521-8273,PO Box 54224
88,Maggie,Bracher,mbracher2f@icq.com,Female,185.85.153.166,3532584923028611,875-342-3696,Suite 4
89,Gabbey,McRonald,gmcronald2g@seattletimes.com,Female,68.148.133.249,3530741513128852,166-224-9882,Room 1695
90,Lanny,Wanjek,lwanjek2h@naver.com,Male,7.0.40.175,6706792386564500,535-207-0074,Suite 20
91,Otto,Mcasparan,omcasparan2i@google.nl,Male,186.176.210.19,3531158575728397,642-242-6387,Suite 64
92,Flossie,Andriveau,fandriveau2j@uol.com.br,Female,190.148.246.19,30100324992322,162-437-1746,Room 1015
93,Hale,Mulder,hmulder2k@mac.com,Male,233.161.255.24,5893214984266383,783-789-6835,PO Box 91595
94,Trudi,Done,tdone2l@mayoclinic.com,Female,141.212.119.33,3551223399833073,275-509-3924,PO Box 41193
95,Hetty,St. Clair,hstclair2m@rakuten.co.jp,Agender,180.238.57.43,374288725314685,395-899-6818,Suite 62
96,Abigail,Learned,alearned2n@last.fm,Female,252.246.245.80,3556704969105310,554-451-2341,4th Floor
97,Kacey,Glassman,kglassman2o@homestead.com,Female,234.251.45.91,3574623554251735,906-994-2743,4th Floor
98,Frazier,Yter,fyter2p@ed.gov,Male,24.65.118.131,633344969538341131,369-777-3709,Room 689
99,Salvidor,Willatt,swillatt2q@redcross.org,Male,83.66.164.237,5018294200103424956,257-470-1705,PO Box 40100
100,Alameda,Hallor,ahallor2r@geocities.com,Female,216.69.107.190,3552458517736787,212-549-6719,PO Box 82591
101,Ingelbert,Coburn,icoburn2s@ycombinator.com,Male,77.3.123.166,3577537026449163,654-759-5708,Suite 86
102,Aggie,Glitherow,aglitherow2t@ucoz.ru,Female,85.33.85.159,6763086595407027,144-907-8241,PO Box 5873
103,Fleming,Sogg,fsogg2u@blog.com,Male,252.209.107.42,3541330165264699,757-344-5908,Apt 1512
104,Joscelin,Crennell,jcrennell2v@bandcamp.com,Female,217.73.29.234,3574683974468699,988-279-3910,Room 548
105,Nolly,Cornock,ncornock2w@upenn.edu,Male,249.185.0.210,4911066380118682575,450-427-9741,Room 368
106,Selena,Ripper,sripper2x@microsoft.com,Female,45.111.182.204,5421844790085964,812-176-1412,Room 887
107,Jacquenette,O'Shea,joshea2y@t-online.de,Female,86.74.3.171,4844162116799362,282-174-4102,4th Floor
108,Corrine,Capponeer,ccapponeer2z@ow.ly,Female,61.215.182.66,5602248730555873,504-343-1186,Apt 436
109,Sutherland,Vayne,svayne30@yahoo.co.jp,Polygender,47.236.103.45,6399007260040853,569-977-6363,PO Box 76779
110,Eydie,Vannah,evannah31@posterous.com,Female,118.53.141.61,6389346060636649,606-956-4887,Apt 22
111,Daphna,Francie,dfrancie32@g.co,Bigender,7.93.215.7,3544763800681611,948-924-1058,PO Box 27595
112,Shaine,Ashall,sashall33@theglobeandmail.com,Female,67.227.64.87,3552645515744371,335-910-1512,Suite 13
113,August,McGeoch,amcgeoch34@wufoo.com,Male,153.239.170.186,3564696121923350,338-608-1024,Room 1104
114,Ginnifer,Kemston,gkemston35@spotify.com,Female,100.157.26.9,3537416798665869,361-116-6286,Room 1243
115,Alyss,Strodder,astrodder36@goo.ne.jp,Female,213.223.189.77,5602211452311982,331-761-8512,Apt 745
116,Emyle,Merrington,emerrington37@lycos.com,Female,85.231.132.202,3570274946244303,874-940-9582,Room 1495
117,Magnum,MacLeese,mmacleese38@1688.com,Male,179.179.193.161,6334773732340977,372-324-1734,Apt 656
118,Gilbert,Monsey,gmonsey39@zimbio.com,Polygender,51.67.182.111,3562285646001835,824-351-5108,Apt 872
119,Markos,Rubin,mrubin3a@tiny.cc,Male,94.252.41.26,676165583431794406,205-392-3989,PO Box 31743
120,Morse,Lovett,mlovett3b@mayoclinic.com,Male,16.120.159.122,675957433271124997,719-772-4139,Suite 78
121,Goober,Mounfield,gmounfield3c@mayoclinic.com,Male,201.92.139.238,5007664096459537,810-503-3356,PO Box 18070
122,Ferrell,Dranfield,fdranfield3d@usa.gov,Male,146.199.107.64,30257908008014,203-745-5033,20th Floor
123,Jo-ann,Hawkes,jhawkes3e@answers.com,Female,145.66.46.57,377700882293269,897-650-2443,Apt 722
124,Damita,Wane,dwane3f@mozilla.com,Genderqueer,42.68.216.199,3539776459750823,658-471-8989,Room 1732
125,Petr,Bellow,pbellow3g@reference.com,Male,173.244.115.174,36617160662226,391-292-2086,Room 341
126,Johnna,Rubinowicz,jrubinowicz3h@ycombinator.com,Female,143.199.226.192,6761052765843179,401-544-3375,2nd Floor
127,Carolina,Titterington,ctitterington3i@bing.com,Female,71.81.140.135,5351836161174231,957-571-2977,Apt 1353
128,Garrett,Urquhart,gurquhart3j@yelp.com,Genderqueer,176.240.163.172,201717978158174,980-346-1306,Suite 2
129,Butch,Blemings,bblemings3k@merriam-webster.com,Male,29.235.202.52,5435993028609634,609-497-5562,Apt 1504
130,Ernst,Smewin,esmewin3l@hao123.com,Male,113.79.125.164,5481838850976630,981-545-4436,Apt 1560
131,Reidar,Rraundl,rrraundl3m@sogou.com,Male,242.61.169.144,5521537539540369,924-801-5191,Room 1110
132,Rici,Oehm,roehm3n@acquirethisname.com,Female,33.109.147.25,3535035263577730,837-755-6738,PO Box 2260
133,Tawsha,Dedham,tdedham3o@squarespace.com,Female,202.126.187.85,5010126052277431,431-737-1932,Suite 59
134,Pembroke,Kibbye,pkibbye3p@goodreads.com,Male,96.25.155.71,6333428830857767,462-767-4819,Suite 38
135,Giselbert,Schuck,gschuck3q@shinystat.com,Male,6.141.228.15,4026853141085468,928-951-4955,2nd Floor
136,Callie,Harle,charle3r@bloglines.com,Female,128.53.120.175,3554987071912051,594-775-4055,PO Box 85141
137,Findley,Maud,fmaud3s@cbsnews.com,Male,169.111.138.132,3530115620605443,308-910-2207,Suite 94
